{
  "camera_position": [
    -108782.91720367206,
    88109.97653368826,
    98116.11061126311
  ],
  "focal_point": [
    13047.761038422219,
    13099.113883212714,
    42711.431058467
  ],
  "view_up": [
    0.47903760083127667,
    0.8690948963705819,
    -0.12327626735273195
  ]
}